domain,label
qwe98asd1.biz,1
qwe98asd2.biz,1
qwe98asd3.biz,1
qwe98asd4.biz,1
qwe98asd5.biz,1
qwe98asd6.biz,1
qwe98asd7.biz,1
qwe98asd8.biz,1
qwe98asd9.biz,1
qwe98asd10.biz,1
qwe98asd11.biz,1
qwe98asd12.biz,1
qwe98asd13.biz,1
qwe98asd14.biz,1
qwe98asd15.biz,1
qwe98asd16.biz,1
qwe98asd17.biz,1
qwe98asd18.biz,1
qwe98asd19.biz,1
qwe98asd20.biz,1
qwe98asd21.biz,1
qwe98asd22.biz,1
qwe98asd23.biz,1
qwe98asd24.biz,1
qwe98asd25.biz,1
qwe98asd26.biz,1
qwe98asd27.biz,1
qwe98asd28.biz,1
qwe98asd29.biz,1
qwe98asd30.biz,1
qwe98asd31.biz,1
qwe98asd32.biz,1
qwe98asd33.biz,1
qwe98asd34.biz,1
qwe98asd35.biz,1
qwe98asd36.biz,1
qwe98asd37.biz,1
qwe98asd38.biz,1
qwe98asd39.biz,1
qwe98asd40.biz,1
qwe98asd41.biz,1
qwe98asd42.biz,1
qwe98asd43.biz,1
qwe98asd44.biz,1
qwe98asd45.biz,1
qwe98asd46.biz,1
qwe98asd47.biz,1
qwe98asd48.biz,1
qwe98asd49.biz,1
qwe98asd50.biz,1
qwe98asd51.biz,1
qwe98asd52.biz,1
qwe98asd53.biz,1
qwe98asd54.biz,1
qwe98asd55.biz,1
qwe98asd56.biz,1
qwe98asd57.biz,1
qwe98asd58.biz,1
qwe98asd59.biz,1
qwe98asd60.biz,1
qwe98asd61.biz,1
qwe98asd62.biz,1
qwe98asd63.biz,1
qwe98asd64.biz,1
qwe98asd65.biz,1
qwe98asd66.biz,1
qwe98asd67.biz,1
qwe98asd68.biz,1
qwe98asd69.biz,1
qwe98asd70.biz,1
qwe98asd71.biz,1
qwe98asd72.biz,1
qwe98asd73.biz,1
qwe98asd74.biz,1
qwe98asd75.biz,1
qwe98asd76.biz,1
qwe98asd77.biz,1
qwe98asd78.biz,1
qwe98asd79.biz,1
qwe98asd80.biz,1
qwe98asd81.biz,1
qwe98asd82.biz,1
qwe98asd83.biz,1
qwe98asd84.biz,1
qwe98asd85.biz,1
qwe98asd86.biz,1
qwe98asd87.biz,1
qwe98asd88.biz,1
qwe98asd89.biz,1
qwe98asd90.biz,1
qwe98asd91.biz,1
qwe98asd92.biz,1
qwe98asd93.biz,1
qwe98asd94.biz,1
qwe98asd95.biz,1
qwe98asd96.biz,1
qwe98asd97.biz,1
qwe98asd98.biz,1
qwe98asd99.biz,1
qwe98asd100.biz,1
qwe98asd101.biz,1
qwe98asd102.biz,1
qwe98asd103.biz,1
qwe98asd104.biz,1
qwe98asd105.biz,1
qwe98asd106.biz,1
qwe98asd107.biz,1
qwe98asd108.biz,1
qwe98asd109.biz,1
qwe98asd110.biz,1
qwe98asd111.biz,1
qwe98asd112.biz,1
qwe98asd113.biz,1
qwe98asd114.biz,1
qwe98asd115.biz,1
qwe98asd116.biz,1
qwe98asd117.biz,1
qwe98asd118.biz,1
qwe98asd119.biz,1
qwe98asd120.biz,1
qwe98asd121.biz,1
qwe98asd122.biz,1
qwe98asd123.biz,1
qwe98asd124.biz,1
qwe98asd125.biz,1
qwe98asd126.biz,1
qwe98asd127.biz,1
qwe98asd128.biz,1
qwe98asd129.biz,1
qwe98asd130.biz,1
qwe98asd131.biz,1
qwe98asd132.biz,1
qwe98asd133.biz,1
qwe98asd134.biz,1
qwe98asd135.biz,1
qwe98asd136.biz,1
qwe98asd137.biz,1
qwe98asd138.biz,1
qwe98asd139.biz,1
qwe98asd140.biz,1
qwe98asd141.biz,1
qwe98asd142.biz,1
qwe98asd143.biz,1
qwe98asd144.biz,1
qwe98asd145.biz,1
qwe98asd146.biz,1
qwe98asd147.biz,1
qwe98asd148.biz,1
qwe98asd149.biz,1
qwe98asd150.biz,1
qwe98asd151.biz,1
qwe98asd152.biz,1
qwe98asd153.biz,1
qwe98asd154.biz,1
qwe98asd155.biz,1
qwe98asd156.biz,1
qwe98asd157.biz,1
qwe98asd158.biz,1
qwe98asd159.biz,1
qwe98asd160.biz,1
qwe98asd161.biz,1
qwe98asd162.biz,1
qwe98asd163.biz,1
qwe98asd164.biz,1
qwe98asd165.biz,1
qwe98asd166.biz,1
qwe98asd167.biz,1
qwe98asd168.biz,1
qwe98asd169.biz,1
qwe98asd170.biz,1
qwe98asd171.biz,1
qwe98asd172.biz,1
qwe98asd173.biz,1
qwe98asd174.biz,1
qwe98asd175.biz,1
qwe98asd176.biz,1
qwe98asd177.biz,1
qwe98asd178.biz,1
qwe98asd179.biz,1
qwe98asd180.biz,1
qwe98asd181.biz,1
qwe98asd182.biz,1
qwe98asd183.biz,1
qwe98asd184.biz,1
qwe98asd185.biz,1
qwe98asd186.biz,1
qwe98asd187.biz,1
qwe98asd188.biz,1
qwe98asd189.biz,1
qwe98asd190.biz,1
qwe98asd191.biz,1
qwe98asd192.biz,1
qwe98asd193.biz,1
qwe98asd194.biz,1
qwe98asd195.biz,1
qwe98asd196.biz,1
qwe98asd197.biz,1
qwe98asd198.biz,1
qwe98asd199.biz,1
qwe98asd200.biz,1
qwe98asd201.biz,1
qwe98asd202.biz,1
qwe98asd203.biz,1
qwe98asd204.biz,1
qwe98asd205.biz,1
qwe98asd206.biz,1
qwe98asd207.biz,1
qwe98asd208.biz,1
qwe98asd209.biz,1
qwe98asd210.biz,1
qwe98asd211.biz,1
qwe98asd212.biz,1
qwe98asd213.biz,1
qwe98asd214.biz,1
qwe98asd215.biz,1
qwe98asd216.biz,1
qwe98asd217.biz,1
qwe98asd218.biz,1
qwe98asd219.biz,1
qwe98asd220.biz,1
qwe98asd221.biz,1
qwe98asd222.biz,1
qwe98asd223.biz,1
qwe98asd224.biz,1
qwe98asd225.biz,1
qwe98asd226.biz,1
qwe98asd227.biz,1
qwe98asd228.biz,1
qwe98asd229.biz,1
qwe98asd230.biz,1
qwe98asd231.biz,1
qwe98asd232.biz,1
qwe98asd233.biz,1
qwe98asd234.biz,1
qwe98asd235.biz,1
qwe98asd236.biz,1
qwe98asd237.biz,1
qwe98asd238.biz,1
qwe98asd239.biz,1
qwe98asd240.biz,1
qwe98asd241.biz,1
qwe98asd242.biz,1
qwe98asd243.biz,1
qwe98asd244.biz,1
qwe98asd245.biz,1
qwe98asd246.biz,1
qwe98asd247.biz,1
qwe98asd248.biz,1
qwe98asd249.biz,1
qwe98asd250.biz,1
qwe98asd251.biz,1
qwe98asd252.biz,1
qwe98asd253.biz,1
qwe98asd254.biz,1
qwe98asd255.biz,1
qwe98asd256.biz,1
qwe98asd257.biz,1
qwe98asd258.biz,1
qwe98asd259.biz,1
qwe98asd260.biz,1
qwe98asd261.biz,1
qwe98asd262.biz,1
qwe98asd263.biz,1
qwe98asd264.biz,1
qwe98asd265.biz,1
qwe98asd266.biz,1
qwe98asd267.biz,1
qwe98asd268.biz,1
qwe98asd269.biz,1
qwe98asd270.biz,1
qwe98asd271.biz,1
qwe98asd272.biz,1
qwe98asd273.biz,1
qwe98asd274.biz,1
qwe98asd275.biz,1
qwe98asd276.biz,1
qwe98asd277.biz,1
qwe98asd278.biz,1
qwe98asd279.biz,1
qwe98asd280.biz,1
qwe98asd281.biz,1
qwe98asd282.biz,1
qwe98asd283.biz,1
qwe98asd284.biz,1
qwe98asd285.biz,1
qwe98asd286.biz,1
qwe98asd287.biz,1
qwe98asd288.biz,1
qwe98asd289.biz,1
qwe98asd290.biz,1
qwe98asd291.biz,1
qwe98asd292.biz,1
qwe98asd293.biz,1
qwe98asd294.biz,1
qwe98asd295.biz,1
qwe98asd296.biz,1
qwe98asd297.biz,1
qwe98asd298.biz,1
qwe98asd299.biz,1
qwe98asd300.biz,1
qwe98asd301.biz,1
qwe98asd302.biz,1
qwe98asd303.biz,1
qwe98asd304.biz,1
qwe98asd305.biz,1
qwe98asd306.biz,1
qwe98asd307.biz,1
qwe98asd308.biz,1
qwe98asd309.biz,1
qwe98asd310.biz,1
qwe98asd311.biz,1
qwe98asd312.biz,1
qwe98asd313.biz,1
qwe98asd314.biz,1
qwe98asd315.biz,1
qwe98asd316.biz,1
qwe98asd317.biz,1
qwe98asd318.biz,1
qwe98asd319.biz,1
qwe98asd320.biz,1
qwe98asd321.biz,1
qwe98asd322.biz,1
qwe98asd323.biz,1
qwe98asd324.biz,1
qwe98asd325.biz,1
qwe98asd326.biz,1
qwe98asd327.biz,1
qwe98asd328.biz,1
qwe98asd329.biz,1
qwe98asd330.biz,1
qwe98asd331.biz,1
qwe98asd332.biz,1
qwe98asd333.biz,1
qwe98asd334.biz,1
qwe98asd335.biz,1
qwe98asd336.biz,1
qwe98asd337.biz,1
qwe98asd338.biz,1
qwe98asd339.biz,1
qwe98asd340.biz,1
qwe98asd341.biz,1
qwe98asd342.biz,1
qwe98asd343.biz,1
qwe98asd344.biz,1
qwe98asd345.biz,1
qwe98asd346.biz,1
qwe98asd347.biz,1
qwe98asd348.biz,1
qwe98asd349.biz,1
qwe98asd350.biz,1
qwe98asd351.biz,1
qwe98asd352.biz,1
qwe98asd353.biz,1
qwe98asd354.biz,1
qwe98asd355.biz,1
qwe98asd356.biz,1
qwe98asd357.biz,1
qwe98asd358.biz,1
qwe98asd359.biz,1
qwe98asd360.biz,1
qwe98asd361.biz,1
qwe98asd362.biz,1
qwe98asd363.biz,1
qwe98asd364.biz,1
qwe98asd365.biz,1
qwe98asd366.biz,1
qwe98asd367.biz,1
qwe98asd368.biz,1
qwe98asd369.biz,1
qwe98asd370.biz,1
qwe98asd371.biz,1
qwe98asd372.biz,1
qwe98asd373.biz,1
qwe98asd374.biz,1
qwe98asd375.biz,1
qwe98asd376.biz,1
qwe98asd377.biz,1
qwe98asd378.biz,1
qwe98asd379.biz,1
qwe98asd380.biz,1
qwe98asd381.biz,1
qwe98asd382.biz,1
qwe98asd383.biz,1
qwe98asd384.biz,1
qwe98asd385.biz,1
qwe98asd386.biz,1
qwe98asd387.biz,1
qwe98asd388.biz,1
qwe98asd389.biz,1
qwe98asd390.biz,1
qwe98asd391.biz,1
qwe98asd392.biz,1
qwe98asd393.biz,1
qwe98asd394.biz,1
qwe98asd395.biz,1
qwe98asd396.biz,1
qwe98asd397.biz,1
qwe98asd398.biz,1
qwe98asd399.biz,1
qwe98asd400.biz,1
qwe98asd401.biz,1
qwe98asd402.biz,1
qwe98asd403.biz,1
qwe98asd404.biz,1
qwe98asd405.biz,1
qwe98asd406.biz,1
qwe98asd407.biz,1
qwe98asd408.biz,1
qwe98asd409.biz,1
qwe98asd410.biz,1
qwe98asd411.biz,1
qwe98asd412.biz,1
qwe98asd413.biz,1
qwe98asd414.biz,1
qwe98asd415.biz,1
qwe98asd416.biz,1
qwe98asd417.biz,1
qwe98asd418.biz,1
qwe98asd419.biz,1
qwe98asd420.biz,1
qwe98asd421.biz,1
qwe98asd422.biz,1
qwe98asd423.biz,1
qwe98asd424.biz,1
qwe98asd425.biz,1
qwe98asd426.biz,1
qwe98asd427.biz,1
qwe98asd428.biz,1
qwe98asd429.biz,1
qwe98asd430.biz,1
qwe98asd431.biz,1
qwe98asd432.biz,1
qwe98asd433.biz,1
qwe98asd434.biz,1
qwe98asd435.biz,1
qwe98asd436.biz,1
qwe98asd437.biz,1
qwe98asd438.biz,1
qwe98asd439.biz,1
qwe98asd440.biz,1
qwe98asd441.biz,1
qwe98asd442.biz,1
qwe98asd443.biz,1
qwe98asd444.biz,1
qwe98asd445.biz,1
qwe98asd446.biz,1
qwe98asd447.biz,1
qwe98asd448.biz,1
qwe98asd449.biz,1
qwe98asd450.biz,1
qwe98asd451.biz,1
qwe98asd452.biz,1
qwe98asd453.biz,1
qwe98asd454.biz,1
qwe98asd455.biz,1
qwe98asd456.biz,1
qwe98asd457.biz,1
qwe98asd458.biz,1
qwe98asd459.biz,1
qwe98asd460.biz,1
qwe98asd461.biz,1
qwe98asd462.biz,1
qwe98asd463.biz,1
qwe98asd464.biz,1
qwe98asd465.biz,1
qwe98asd466.biz,1
qwe98asd467.biz,1
qwe98asd468.biz,1
qwe98asd469.biz,1
qwe98asd470.biz,1
qwe98asd471.biz,1
qwe98asd472.biz,1
qwe98asd473.biz,1
qwe98asd474.biz,1
qwe98asd475.biz,1
qwe98asd476.biz,1
qwe98asd477.biz,1
qwe98asd478.biz,1
qwe98asd479.biz,1
qwe98asd480.biz,1
qwe98asd481.biz,1
qwe98asd482.biz,1
qwe98asd483.biz,1
qwe98asd484.biz,1
qwe98asd485.biz,1
qwe98asd486.biz,1
qwe98asd487.biz,1
qwe98asd488.biz,1
qwe98asd489.biz,1
qwe98asd490.biz,1
qwe98asd491.biz,1
qwe98asd492.biz,1
qwe98asd493.biz,1
qwe98asd494.biz,1
qwe98asd495.biz,1
qwe98asd496.biz,1
qwe98asd497.biz,1
qwe98asd498.biz,1
qwe98asd499.biz,1
qwe98asd500.biz,1
example1.com,0
example2.com,0
example3.com,0
example4.com,0
example5.com,0
example6.com,0
example7.com,0
example8.com,0
example9.com,0
example10.com,0
example11.com,0
example12.com,0
example13.com,0
example14.com,0
example15.com,0
example16.com,0
example17.com,0
example18.com,0
example19.com,0
example20.com,0
example21.com,0
example22.com,0
example23.com,0
example24.com,0
example25.com,0
example26.com,0
example27.com,0
example28.com,0
example29.com,0
example30.com,0
example31.com,0
example32.com,0
example33.com,0
example34.com,0
example35.com,0
example36.com,0
example37.com,0
example38.com,0
example39.com,0
example40.com,0
example41.com,0
example42.com,0
example43.com,0
example44.com,0
example45.com,0
example46.com,0
example47.com,0
example48.com,0
example49.com,0
example50.com,0
example51.com,0
example52.com,0
example53.com,0
example54.com,0
example55.com,0
example56.com,0
example57.com,0
example58.com,0
example59.com,0
example60.com,0
example61.com,0
example62.com,0
example63.com,0
example64.com,0
example65.com,0
example66.com,0
example67.com,0
example68.com,0
example69.com,0
example70.com,0
example71.com,0
example72.com,0
example73.com,0
example74.com,0
example75.com,0
example76.com,0
example77.com,0
example78.com,0
example79.com,0
example80.com,0
example81.com,0
example82.com,0
example83.com,0
example84.com,0
example85.com,0
example86.com,0
example87.com,0
example88.com,0
example89.com,0
example90.com,0
example91.com,0
example92.com,0
example93.com,0
example94.com,0
example95.com,0
example96.com,0
example97.com,0
example98.com,0
example99.com,0
example100.com,0
example101.com,0
example102.com,0
example103.com,0
example104.com,0
example105.com,0
example106.com,0
example107.com,0
example108.com,0
example109.com,0
example110.com,0
example111.com,0
example112.com,0
example113.com,0
example114.com,0
example115.com,0
example116.com,0
example117.com,0
example118.com,0
example119.com,0
example120.com,0
example121.com,0
example122.com,0
example123.com,0
example124.com,0
example125.com,0
example126.com,0
example127.com,0
example128.com,0
example129.com,0
example130.com,0
example131.com,0
example132.com,0
example133.com,0
example134.com,0
example135.com,0
example136.com,0
example137.com,0
example138.com,0
example139.com,0
example140.com,0
example141.com,0
example142.com,0
example143.com,0
example144.com,0
example145.com,0
example146.com,0
example147.com,0
example148.com,0
example149.com,0
example150.com,0
example151.com,0
example152.com,0
example153.com,0
example154.com,0
example155.com,0
example156.com,0
example157.com,0
example158.com,0
example159.com,0
example160.com,0
example161.com,0
example162.com,0
example163.com,0
example164.com,0
example165.com,0
example166.com,0
example167.com,0
example168.com,0
example169.com,0
example170.com,0
example171.com,0
example172.com,0
example173.com,0
example174.com,0
example175.com,0
example176.com,0
example177.com,0
example178.com,0
example179.com,0
example180.com,0
example181.com,0
example182.com,0
example183.com,0
example184.com,0
example185.com,0
example186.com,0
example187.com,0
example188.com,0
example189.com,0
example190.com,0
example191.com,0
example192.com,0
example193.com,0
example194.com,0
example195.com,0
example196.com,0
example197.com,0
example198.com,0
example199.com,0
example200.com,0
example201.com,0
example202.com,0
example203.com,0
example204.com,0
example205.com,0
example206.com,0
example207.com,0
example208.com,0
example209.com,0
example210.com,0
example211.com,0
example212.com,0
example213.com,0
example214.com,0
example215.com,0
example216.com,0
example217.com,0
example218.com,0
example219.com,0
example220.com,0
example221.com,0
example222.com,0
example223.com,0
example224.com,0
example225.com,0
example226.com,0
example227.com,0
example228.com,0
example229.com,0
example230.com,0
example231.com,0
example232.com,0
example233.com,0
example234.com,0
example235.com,0
example236.com,0
example237.com,0
example238.com,0
example239.com,0
example240.com,0
example241.com,0
example242.com,0
example243.com,0
example244.com,0
example245.com,0
example246.com,0
example247.com,0
example248.com,0
example249.com,0
example250.com,0
example251.com,0
example252.com,0
example253.com,0
example254.com,0
example255.com,0
example256.com,0
example257.com,0
example258.com,0
example259.com,0
example260.com,0
example261.com,0
example262.com,0
example263.com,0
example264.com,0
example265.com,0
example266.com,0
example267.com,0
example268.com,0
example269.com,0
example270.com,0
example271.com,0
example272.com,0
example273.com,0
example274.com,0
example275.com,0
example276.com,0
example277.com,0
example278.com,0
example279.com,0
example280.com,0
example281.com,0
example282.com,0
example283.com,0
example284.com,0
example285.com,0
example286.com,0
example287.com,0
example288.com,0
example289.com,0
example290.com,0
example291.com,0
example292.com,0
example293.com,0
example294.com,0
example295.com,0
example296.com,0
example297.com,0
example298.com,0
example299.com,0
example300.com,0
example301.com,0
example302.com,0
example303.com,0
example304.com,0
example305.com,0
example306.com,0
example307.com,0
example308.com,0
example309.com,0
example310.com,0
example311.com,0
example312.com,0
example313.com,0
example314.com,0
example315.com,0
example316.com,0
example317.com,0
example318.com,0
example319.com,0
example320.com,0
example321.com,0
example322.com,0
example323.com,0
example324.com,0
example325.com,0
example326.com,0
example327.com,0
example328.com,0
example329.com,0
example330.com,0
example331.com,0
example332.com,0
example333.com,0
example334.com,0
example335.com,0
example336.com,0
example337.com,0
example338.com,0
example339.com,0
example340.com,0
example341.com,0
example342.com,0
example343.com,0
example344.com,0
example345.com,0
example346.com,0
example347.com,0
example348.com,0
example349.com,0
example350.com,0
example351.com,0
example352.com,0
example353.com,0
example354.com,0
example355.com,0
example356.com,0
example357.com,0
example358.com,0
example359.com,0
example360.com,0
example361.com,0
example362.com,0
example363.com,0
example364.com,0
example365.com,0
example366.com,0
example367.com,0
example368.com,0
example369.com,0
example370.com,0
example371.com,0
example372.com,0
example373.com,0
example374.com,0
example375.com,0
example376.com,0
example377.com,0
example378.com,0
example379.com,0
example380.com,0
example381.com,0
example382.com,0
example383.com,0
example384.com,0
example385.com,0
example386.com,0
example387.com,0
example388.com,0
example389.com,0
example390.com,0
example391.com,0
example392.com,0
example393.com,0
example394.com,0
example395.com,0
example396.com,0
example397.com,0
example398.com,0
example399.com,0
example400.com,0
example401.com,0
example402.com,0
example403.com,0
example404.com,0
example405.com,0
example406.com,0
example407.com,0
example408.com,0
example409.com,0
example410.com,0
example411.com,0
example412.com,0
example413.com,0
example414.com,0
example415.com,0
example416.com,0
example417.com,0
example418.com,0
example419.com,0
example420.com,0
example421.com,0
example422.com,0
example423.com,0
example424.com,0
example425.com,0
example426.com,0
example427.com,0
example428.com,0
example429.com,0
example430.com,0
example431.com,0
example432.com,0
example433.com,0
example434.com,0
example435.com,0
example436.com,0
example437.com,0
example438.com,0
example439.com,0
example440.com,0
example441.com,0
example442.com,0
example443.com,0
example444.com,0
example445.com,0
example446.com,0
example447.com,0
example448.com,0
example449.com,0
example450.com,0
example451.com,0
example452.com,0
example453.com,0
example454.com,0
example455.com,0
example456.com,0
example457.com,0
example458.com,0
example459.com,0
example460.com,0
example461.com,0
example462.com,0
example463.com,0
example464.com,0
example465.com,0
example466.com,0
example467.com,0
example468.com,0
example469.com,0
example470.com,0
example471.com,0
example472.com,0
example473.com,0
example474.com,0
example475.com,0
example476.com,0
example477.com,0
example478.com,0
example479.com,0
example480.com,0
example481.com,0
example482.com,0
example483.com,0
example484.com,0
example485.com,0
example486.com,0
example487.com,0
example488.com,0
example489.com,0
example490.com,0
example491.com,0
example492.com,0
example493.com,0
example494.com,0
example495.com,0
example496.com,0
example497.com,0
example498.com,0
example499.com,0
example500.com,0
